Employee_ID,Name,Age,Department,Salary,Experience
1,Mollie Brome,24,Research and Development,438887,5
2,Alexandro Dreelan,46,Training,926145,9
3,Jonathon Hedditeh,33,Sales,655584,7
4,Cordie Chown,50,Marketing,426107,6
5,Anastasie Mishaw,26,Legal,782151,4
6,Gavin Cassell,32,Legal,118435,2
7,Maisie Pandie,31,Marketing,937162,1
8,Shellysheldon Dodsworth,35,Human Resources,221705,8
9,Shandy Grieve,40,Support,599755,1
10,Garth Mattingson,44,Research and Development,314004,8
11,Leola Friett,56,Research and Development,812784,4
12,Maximilianus Sadgrove,47,Business Development,213830,10
13,Milton Barroux,59,Human Resources,131196,2
14,Hillard Plose,28,Human Resources,714413,2
15,Nester Gueny,45,Support,54764,9
16,Bartram Oldaker,58,Legal,143490,2
17,Brina Chuter,58,Research and Development,892100,6
18,Mohandis McEllen,43,Sales,438487,7
19,Misha Eastbrook,57,Human Resources,172637,6
20,Kissie Buttriss,46,Training,407109,4
21,Dorine Trayhorn,52,Human Resources,755067,9
22,Jeannette Strother,21,Accounting,134203,4
23,Nevins Kolakovic,48,Research and Development,781025,6
24,Hurlee Guille,28,Legal,331843,8
25,King Matthessen,40,Business Development,433430,3
26,Steffen Paulou,32,Accounting,903316,7
27,Killian Routledge,44,Research and Development,71419,6
28,Roth Winder,24,Support,868127,8
29,Bengt Le Floch,41,Legal,206068,4
30,Amalea Abrahamovitz,25,Sales,118629,8
31,Jyoti Bettles,58,Support,989869,8
32,Filip Smedmore,60,Research and Development,401406,4
33,Collete Mundford,27,Engineering,90479,8
34,Lexy Franzini,38,Accounting,423068,4
35,Haily Mingard,24,Training,998165,4
36,Ruthe Goreisr,21,Marketing,880854,8
37,Dannie Heppner,42,Human Resources,396798,8
38,Ronny Shills,22,Human Resources,237823,2
39,Tamarra Brogiotti,56,Legal,797076,6
