Student_ID,Name,Math,Science,English,Total,Grade
1,Cornell Ousley,58,46,54,110,Open-architected
2,Clayton Jonas,93,79,77,120,matrices
3,Estevan Donovin,28,27,68,56,collaboration
4,Patric Ewbank,81,74,19,106,Right-sized
5,Silvie Haylock,1,13,52,136,strategy
6,Alvis Breeds,89,67,47,132,paradigm
7,Orville Pavel,18,17,95,68,budgetary management
8,Marty Broomfield,27,41,60,7,local
9,Perle Lisett,28,41,4,112,optimizing
10,Niko Scarce,42,17,1,50,Fully-configurable
11,Ranna Florio,35,57,59,94,stable
12,Parker Charle,71,90,47,20,24/7
13,Kailey Elen,2,94,43,28,directional
14,Willyt O'Kinneally,36,82,53,282,Team-oriented
15,Averell McBay,89,57,7,113,function
16,Avis Petrou,44,8,52,39,mobile
17,Margi Fosken,9,32,1,202,Grass-roots
18,Vida Doulton,22,26,16,106,bandwidth-monitored
19,Pepi Iacoviello,16,6,47,265,optimal
20,Gunar Brounsell,90,95,72,66,Compatible
21,Philippa Najara,97,51,7,183,support
22,Fitzgerald Tidmas,19,80,8,277,Switchable
23,Sigismondo Fillis,73,79,31,212,capability
24,Simeon Dobrovsky,5,82,97,258,local
25,Cynthea Pyburn,90,24,50,44,user-facing
26,Johnette Nassy,48,92,71,165,eco-centric
27,Dee dee Bernath,47,49,46,279,contingency
28,Cherise Walasik,80,88,23,57,algorithm
29,Merrel Traice,16,18,34,149,bottom-line
30,Gale Colaton,24,45,31,129,secondary
31,Merline Jeness,11,82,12,37,Multi-tiered
32,Florinda Thalmann,21,81,59,108,concept
33,Debi Crookshanks,16,83,82,274,utilisation
34,Prudy Brandacci,41,39,90,69,extranet
35,Morgan Soppett,80,0,44,246,fault-tolerant
36,Meriel Trathan,81,96,28,151,policy
37,Raimundo Favelle,94,58,53,239,Adaptive
38,Shana Shalcros,70,9,65,277,time-frame
39,Mickie Aslett,23,3,61,208,collaboration
40,Dorey Illwell,83,80,61,113,monitoring
41,Roxy Dunstone,2,83,80,127,leading edge
42,Rutherford Clappson,1,48,1,156,De-engineered
43,Gilli Beningfield,18,12,97,16,encoding
44,Genia Sikorski,18,70,38,145,matrix
45,Randi Haugen,16,21,78,217,incremental
46,Bond Milstead,5,10,71,208,capacity
47,Dela Cordingley,73,20,54,136,process improvement
48,Cyndie De Meis,18,41,93,84,global
49,Sharon Mundle,15,98,32,38,User-centric
50,Yule Kullmann,56,0,49,228,Integrated
51,Lola Everix,82,52,50,229,methodical
52,Willamina Rule,36,78,46,172,executive
53,Gui Horche,19,51,74,296,directional
54,Arielle Kielty,91,45,44,78,reciprocal
55,Morrie Forstall,11,7,87,136,systemic
56,Putnam Hayter,40,20,66,150,Triple-buffered
57,Dael Megroff,39,3,32,177,user-facing
58,Dick Chatterton,81,34,72,144,leading edge
59,Rhianon Dullingham,62,77,37,106,upward-trending
60,Morris Kinane,39,6,12,5,Face to face
61,Evangelia Troke,26,84,61,253,responsive
62,Padriac Nekrews,42,13,71,140,structure
63,Jerald Ferneley,28,39,27,138,paradigm
64,Sauncho Sysland,80,43,50,280,Phased
65,Lia Brawn,26,30,54,71,infrastructure
66,Pembroke Dietzler,98,55,49,3,Digitized
67,Earvin Carlisle,18,46,97,269,executive
68,Fawne Cursons,94,30,16,232,Configurable
69,Ferrel Heliot,86,81,4,300,infrastructure
70,Rudy Kun,61,10,91,58,functionalities
71,Berri Poznanski,28,8,2,122,multi-tasking
72,My Clemmitt,96,23,47,248,solution-oriented
73,Marice Maylott,10,61,81,138,transitional
74,Bondon Ferandez,32,66,25,88,3rd generation
75,Cello Lattie,96,24,55,179,incremental
76,Riordan O'Doireidh,63,48,41,54,bifurcated
77,Murial Myrick,88,95,89,158,Cross-platform
78,Jolie Oleszkiewicz,26,25,52,50,national
79,Colby Arcase,93,61,94,61,Ergonomic
80,Kelvin Crumley,28,69,51,82,leverage
81,Kass Gullberg,63,57,95,51,pricing structure
82,Constantin Younie,1,1,50,48,firmware
83,Nissa Buffin,76,89,64,195,capability
84,Tara Alldridge,82,36,84,255,concept
85,Warde Rawsen,38,34,78,63,next generation
86,Aridatha Rama,29,13,67,152,archive
87,Elvis Normabell,38,41,97,228,success
88,Christi Brun,26,13,12,240,application
89,Drucie MacSkeaghan,65,42,19,202,Multi-lateral
90,Kris Hatherall,14,89,98,83,collaboration
91,Ilario Entwistle,81,70,42,246,definition
92,Catharina Carass,78,26,30,230,clear-thinking
93,Zilvia Hammerton,33,88,100,193,Multi-lateral
94,Shea Catanheira,46,39,73,134,Focused
95,Farlee MacVean,33,22,16,44,Business-focused
96,Gnni Aimson,56,32,99,69,Expanded
97,Helaina Dudney,64,46,60,139,interactive
98,Foster Beneteau,40,95,74,18,analyzer
99,Hakeem Beedell,2,10,93,71,secondary
100,Thomasine Bearne,17,46,28,133,Digitized
101,Vallie Fieldhouse,62,78,23,266,static
102,Adriano MacCambridge,47,31,76,38,utilisation
103,Marcelia Savill,71,59,35,146,holistic
104,Rosalynd Pavic,31,3,28,192,modular
105,Allen Jewes,6,76,5,209,systemic
106,Ninetta Blackwell,92,44,55,18,Down-sized
107,Hedwiga Wehnerr,23,84,40,12,clear-thinking
108,Darcee Eccleston,100,87,44,143,6th generation
109,Hettie McWard,25,8,19,248,forecast
110,Amelina Cuckson,39,52,49,217,zero administration
111,Lucy Bann,84,79,90,142,empowering
112,Sibel Thurstance,45,71,27,187,matrix
113,Elvyn Rapa,38,46,13,270,zero administration
114,Elenore McMychem,90,30,100,197,process improvement
115,Lucian Seymark,58,82,20,293,leading edge
116,Clevey Dukes,81,48,44,172,encryption
117,Marcy Pigeram,77,34,43,238,empowering
118,Gusta Tatterton,71,10,61,101,cohesive
119,Mac Skirvane,18,82,93,200,eco-centric
120,Ines Kesper,50,58,35,136,synergy
121,Niko Smalcombe,57,0,45,175,synergy
122,Tod Zorn,60,70,59,208,leverage
123,Laverne McPhee,35,21,83,243,tertiary
124,Koral Fromant,63,99,64,67,initiative
125,Palmer Cluely,62,50,1,174,migration
126,Desirae De Freitas,13,27,9,179,benchmark
127,Michell Palfery,30,64,19,87,systematic
128,Domini Sallenger,63,54,21,32,optimizing
129,Des Penright,4,40,61,259,3rd generation
130,Lurette Lovart,53,92,81,207,high-level
131,Bird Broxis,7,13,7,9,neutral
132,Murray Jans,55,76,29,203,asynchronous
133,Buck Brehaut,44,56,16,242,zero defect
134,Zaneta Minguet,78,27,22,97,service-desk
135,Lavena Packington,28,3,41,9,Compatible
136,Reggie Saill,54,13,21,220,Focused
137,Patric Cassey,29,94,26,14,Cross-group
138,Rainer Dundin,97,79,65,158,Profound
139,Jo Younghusband,62,90,12,11,national
140,Stevie Harme,54,8,36,98,knowledge base
141,Ahmed Kid,6,92,52,56,client-server
142,Hollyanne Peter,3,11,52,104,hub
143,Linzy Probey,83,71,81,111,Decentralized
144,Shanta Olenikov,8,5,52,26,mission-critical
145,Reeta Marcus,67,2,66,217,executive
146,Em Kornacki,80,34,96,283,strategy
147,Thomasa Shiels,8,56,57,175,demand-driven
148,Lanae Delgardillo,45,9,58,253,emulation
149,Tobe Maber,42,18,45,13,Decentralized
150,Adriana Rose,2,66,67,241,Programmable
151,Adlai Thrustle,99,73,52,58,benchmark
152,Sammy Mart,88,82,24,152,product
153,Nevile Farncombe,28,28,73,264,next generation
154,Nickolaus Feldon,90,58,96,95,Business-focused
155,Leslie O'Glassane,71,2,28,261,Stand-alone
156,Alecia Baxter,81,46,24,5,mobile
157,Alvan Haversum,64,21,54,174,workforce
158,Kinnie Shillingford,48,25,20,170,Face to face
159,Aldo Bonn,90,55,47,103,next generation
160,Hobard Parrington,82,83,88,199,Sharable
161,Nadean Basterfield,79,77,6,271,actuating
162,Berkeley Piotrowski,37,45,42,105,user-facing
163,Jarrod Leavey,20,54,69,175,Innovative
164,Krishnah Castellanos,6,81,56,166,clear-thinking
165,Ardine Arkil,86,74,79,218,Managed
166,Benny Kuller,15,100,89,156,archive
167,Milton Schaumaker,76,58,30,281,time-frame
168,Benn Saffe,16,68,3,32,neutral
169,Mick Seagrove,6,38,56,127,impactful
170,Saidee Lindores,37,50,27,114,analyzing
171,Donalt Clyne,83,19,50,145,Re-engineered
172,Jennee Broscombe,44,90,93,225,even-keeled
173,Sula Flaws,80,70,31,260,logistical
174,Camel Gabbot,65,5,10,108,leading edge
175,Vinnie Meader,41,91,64,257,Implemented
176,Shannah Bloxam,42,60,70,196,utilisation
177,Jemimah Dobrowski,77,4,81,198,flexibility
178,Sinclair Mirfin,84,6,25,153,functionalities
179,Thaine Cullotey,9,17,61,219,time-frame
180,Johny Hertwell,46,20,69,108,alliance
181,Mariam Gavan,16,89,70,56,Proactive
182,Jere Davidde,81,100,26,92,Fundamental
183,Cirillo Hattoe,17,93,83,176,Enhanced
184,Bentlee Wilmington,58,5,95,117,systemic
185,Julee Jefford,0,35,75,127,Ergonomic
186,Jordon Endicott,71,8,8,215,4th generation
187,Tildy Marking,54,21,51,165,help-desk
188,Elayne Parkinson,50,76,65,152,Customizable
189,Artemus Simioli,1,38,26,178,instruction set
190,Kilian Chetwin,67,38,2,172,intranet
191,Chiarra Koppelmann,42,47,71,150,demand-driven
192,Lula Boate,41,34,74,188,Graphic Interface
193,Blane Wade,9,98,17,129,incremental
194,Lindsay Curtis,51,15,47,271,Balanced
195,Celisse Franies,83,44,94,233,optimal
196,Maurizio Nesey,100,39,7,124,circuit
197,Irv Dirr,55,7,70,289,Graphic Interface
198,Bud Klaggeman,17,73,42,267,encoding
199,Ki Sturmey,52,57,97,8,secondary
200,Nana Pasfield,57,39,85,287,info-mediaries
201,Powell Iffe,61,26,17,202,Adaptive
202,Euphemia Hiley,82,20,87,20,protocol
203,Heida Brabender,87,60,29,68,Horizontal
204,Corella Tubbles,40,42,24,21,orchestration
205,Taber McEwen,66,73,64,177,Team-oriented
206,Theadora Goodlad,29,93,51,215,policy
207,Fritz Fransemai,0,58,19,158,Open-source
208,Leona O'Neal,73,79,50,127,Centralized
209,Arni Royans,70,89,93,177,orchestration
210,Anallese Jope,93,12,62,89,process improvement
211,Dar Jorin,8,21,23,106,frame
212,Edward Permain,71,76,78,265,Extended
213,Christie Linn,29,31,87,53,synergy
214,Yule McTavish,21,98,57,276,workforce
215,Honoria Rowden,50,56,9,70,optimal
216,Daren Lupson,27,58,27,249,database
217,Lorin Pettican,6,13,27,265,Visionary
218,Emelia Shinner,24,87,93,259,demand-driven
219,Pearline Cabane,10,75,89,289,24 hour
220,Mikey McCool,53,47,22,246,secondary
221,Gretchen Leslie,82,60,46,180,Stand-alone
222,Lavina Spikings,24,68,59,247,Mandatory
223,Edvard Quinney,22,98,45,68,hybrid
224,Myrta Leighton,56,22,47,222,needs-based
225,Vallie Goodread,7,76,20,108,explicit
226,Pen Lukianovich,92,1,89,200,high-level
227,Kimberley Handrock,82,2,68,298,homogeneous
228,Louis McLucky,93,42,46,146,approach
229,Natty Peat,81,98,91,252,access
230,Moishe Axleby,79,8,60,100,circuit
231,Bendick Alldritt,90,77,25,32,capacity
232,Enrichetta Clissold,86,36,45,194,Inverse
233,Darelle Mertel,52,4,21,221,Automated
234,Kaja Aksell,40,26,87,49,mobile
235,Latia Liston,48,36,73,292,bifurcated
236,Jermaine Cassin,46,88,100,242,encoding
237,Tirrell Maccrea,87,58,49,230,logistical
238,Waldon Bather,53,86,65,186,Multi-channelled
239,Helene Dollimore,37,48,9,90,discrete
240,Perri Seward,54,17,32,278,infrastructure
241,Hagan Holbie,78,94,23,195,Graphic Interface
242,Lyn Stennet,78,68,87,125,approach
243,Page Mahony,32,40,72,134,zero tolerance
244,Linoel O'Rodane,34,19,41,14,secured line
245,Eileen Willden,88,68,82,283,superstructure
246,Evonne Pyecroft,95,8,74,222,Total
247,Bealle Wandrack,83,74,68,111,Switchable
248,Oralla Clouston,100,38,26,173,analyzing
249,Reeba Klaffs,58,18,44,198,instruction set
250,El MacVaugh,80,5,41,135,analyzing
251,Ilise Keiley,82,76,15,262,Adaptive
252,Zita Phinnis,72,35,28,190,protocol
253,Letisha Jumel,90,71,63,211,framework
254,Hyatt Took,17,78,31,268,Multi-layered
255,Ganny Pierrepoint,98,66,21,210,cohesive
256,Bambie Plaxton,92,25,77,169,Realigned
257,Julee Duny,47,55,100,279,Phased
258,Wilhelmina Deguara,3,57,2,28,Digitized
259,Theobald Hurren,79,72,26,217,hardware
260,Vivyanne Chattock,8,5,62,1,initiative
261,Sergio Ivkovic,75,97,24,66,Compatible
262,Pierre Merrall,15,27,0,81,Integrated
263,Andy Maddaford,34,55,4,94,Monitored
264,Masha Daber,9,62,71,261,function
265,Von Dumbarton,55,41,12,91,Decentralized
266,Alexia Pasquale,32,2,5,191,Cross-platform
267,Ignacio Wolfart,66,95,10,30,Re-engineered
268,Juana Fley,43,5,44,63,flexibility
269,Kendal Bantock,30,79,14,28,empowering
270,Dian Zecchinii,41,28,47,210,executive
271,Kathi Zammitt,80,8,63,113,functionalities
272,Leonhard Grelka,75,84,40,17,parallelism
273,Aksel Kaemena,63,85,73,19,Customizable
274,Nikolaos Mowett,16,84,36,261,capability
275,Elinore Samter,55,15,90,180,definition
276,Sallie Rizzillo,22,83,20,5,system-worthy
277,Brewer Rosencwaig,74,84,48,1,4th generation
278,Cointon Detoile,68,71,93,124,Automated
279,Arel Rexworthy,75,74,7,22,24 hour
280,Talia Davydochkin,53,47,26,12,5th generation
281,Milissent Tourmell,35,12,78,298,Right-sized
282,Micheal Duerdin,45,40,27,267,database
283,Pepillo Berre,27,89,21,189,Vision-oriented
284,Charyl Shoppee,61,17,56,250,Balanced
285,Jamaal Howchin,31,15,94,60,application
286,Pandora Culbert,48,50,25,119,bandwidth-monitored
287,Jemmie Mustoo,30,84,86,85,5th generation
288,Natka Mackness,44,39,89,267,functionalities
289,Jobyna Fludder,75,29,49,278,functionalities
290,Heloise Reach,87,19,73,205,Enterprise-wide
291,Johny Matis,72,47,77,135,Re-contextualized
292,Kean Beardall,3,7,48,297,4th generation
293,Vere Garber,82,87,49,68,content-based
294,Riley Lemmens,80,77,96,157,User-friendly
295,Bryna Nolin,18,80,40,240,User-friendly
296,Adara Carvil,58,96,6,228,national
297,Brigg MacBey,62,49,55,12,radical
298,Myrtia Potell,61,97,81,102,executive
299,Archy Vasyuchov,19,32,81,90,Optimized
300,Kenton Betancourt,47,12,63,199,Synergized
301,Perle Chartman,49,96,28,206,object-oriented
302,Dorry Maus,59,37,64,20,bi-directional
303,Madelon Hugenin,93,89,28,276,Organized
304,Serena Dyball,67,44,79,59,Down-sized
305,Agnella Gaspero,14,2,92,206,system-worthy
306,Akim Rillatt,84,30,57,195,Customer-focused
307,Agnola Tuffley,65,4,67,50,Monitored
308,Arv Dowden,84,85,53,244,conglomeration
309,Sapphira Eddison,13,19,53,280,focus group
310,Maryrose Ellwand,80,23,59,259,Monitored
311,Jilleen Bogie,46,48,83,230,Secured
312,Terrijo Lorenzo,59,91,2,282,grid-enabled
313,Will Endecott,23,29,35,191,disintermediate
314,Donall Venes,27,42,65,55,clear-thinking
315,Dugald Riste,24,38,21,114,Expanded
316,Anthea Growcock,90,32,20,214,capability
317,Nikaniki Ephgrave,39,38,96,130,secondary
318,Arabelle Dohmann,55,43,33,20,Advanced
319,Reggie Beckley,42,16,86,250,concept
320,Kial Patel,55,5,96,293,directional
321,Joya Bound,70,81,19,47,non-volatile
322,Manfred Jarrad,59,16,91,47,tertiary
323,Obie Bowring,83,45,80,119,Secured
324,Marshal Forbes,75,48,28,2,Up-sized
325,Lefty Gayter,25,87,0,261,Visionary
326,Cristian Raleston,14,74,10,215,portal
327,Cassi Rodenburg,63,94,65,292,moratorium
328,Rozamond Burbury,36,99,1,155,Public-key
329,Ambrosius Askell,49,14,83,37,challenge
330,Netta Francescotti,44,83,57,40,framework
331,Holly-anne De Hooge,28,58,53,290,Focused
332,Milly Matkovic,4,23,28,256,Multi-lateral
333,Allina Labbez,67,25,54,77,customer loyalty
334,Pacorro Rosentholer,22,0,9,266,Multi-channelled
335,Cybil Wilfling,3,83,47,204,zero administration
336,Briano Scobie,73,25,98,135,actuating
337,Halley Bathersby,27,47,91,208,Profound
338,Vale O'Looney,31,8,2,88,Enhanced
339,Daphna Deshon,38,3,55,163,ability
340,Adriaens De la Yglesia,13,23,66,254,Synergized
341,Shirline Potapczuk,65,58,5,55,system-worthy
342,Charmaine Menlove,82,48,61,216,global
343,Essy Pennoni,43,19,91,241,success
344,Olenka Barchrameev,15,84,80,144,Front-line
345,Millisent Fakes,24,57,81,26,Realigned
346,Ase Oty,28,72,63,184,monitoring
347,Felipa Poe,22,5,99,108,stable
348,Erin Raggitt,9,12,19,147,optimizing
349,Jerrome Wettern,80,76,67,41,firmware
350,Randie Hendrich,2,5,57,189,intangible
351,Amity MacAdam,73,34,21,92,Integrated
352,Iseabal Keeting,16,21,82,103,secondary
353,Shantee Grestye,0,53,32,286,Up-sized
354,Gavin Steenson,84,22,5,287,Expanded
355,Judith Roth,8,75,2,94,function
356,Maisey Trenoweth,41,79,48,250,data-warehouse
357,Charin Peachman,3,77,17,251,Centralized
358,Edik Comerford,80,3,33,105,Team-oriented
359,Beau Andras,22,32,4,171,intranet
360,Bud Khosa,30,26,81,224,Synchronised
361,Andrea Pitcaithley,62,8,45,184,Sharable
362,Chrissie Kears,45,57,9,45,Customer-focused
363,Lissy Pere,77,58,4,142,functionalities
364,Thibaud Truran,52,13,76,195,coherent
365,Gussy Banat,27,86,85,126,Organized
366,Kinsley Plues,43,39,99,93,secured line
367,Cassandra Curdell,50,46,8,239,Graphic Interface
368,Kelcy Maffione,82,67,49,166,functionalities
369,Peggi Watton,38,51,68,51,Customizable
370,Dorris Genese,58,17,90,221,De-engineered
371,Minta Clutton,30,79,8,229,24 hour
372,Catlin Tedahl,52,43,57,215,encryption
373,Letti Joska,31,52,24,288,interface
374,Bettye Chattock,15,7,1,11,Face to face
375,Ayn Trodd,39,63,12,174,Self-enabling
376,Torrance Proske,100,6,15,256,secondary
377,Damian Greenalf,74,82,21,237,local area network
378,Farrell Pearce,47,76,75,188,full-range
379,Farlie Noddings,63,39,22,51,monitoring
380,Brennen Riccardelli,91,98,77,254,framework
381,Rodd McCumskay,31,29,17,120,Focused
382,Fanchette Babidge,70,79,23,97,Customizable
383,Kirsti Cattemull,17,5,63,55,Profit-focused
384,Dana Sorensen,56,1,26,272,Profound
385,Eva Fuzzens,14,71,20,77,homogeneous
386,Lura Grogona,60,13,3,211,Ameliorated
387,Costa Beever,51,40,96,224,bi-directional
388,Paulo Arnely,75,80,91,277,Realigned
389,Hurlee Redd,30,20,71,34,intangible
390,Richart Cater,30,50,60,269,transitional
391,Foster Fordham,49,39,34,161,interactive
392,Rouvin Jex,22,89,71,143,Focused
393,Arlen Murfin,78,84,17,28,superstructure
394,Meade Kelshaw,63,58,54,93,tangible
395,Yoko Lestor,57,5,28,187,hierarchy
396,Salmon Dallander,81,31,6,243,Persistent
397,Marley Demangeon,47,46,26,263,website
398,Cathie Bootland,45,63,23,207,Vision-oriented
399,Hakeem Sutherland,2,100,65,134,website
400,Thekla Eamer,18,61,93,97,Ergonomic
401,Maible Folan,40,37,48,276,Focused
402,Avivah Rickaert,69,56,46,21,analyzing
403,Kariotta Sadry,83,92,21,145,Graphical User Interface
404,Abram Keeton,67,79,3,268,neutral
405,Morganica Lodemann,14,26,45,196,Front-line
406,Pascale Bainbridge,57,49,66,279,access
407,Marv Branwhite,18,63,8,47,concept
408,Bendite Brimicombe,69,94,7,298,radical
409,Barnett Polleye,74,64,77,78,Assimilated
410,Adrienne Arnaldo,73,55,6,30,local
411,Livy Beyne,49,84,76,105,upward-trending
412,Innis Wilcocke,43,67,11,237,Extended
413,Vernon Melley,99,3,31,140,needs-based
414,Alfons Tommei,37,43,31,248,Versatile
415,Shane Lammenga,23,15,14,70,Expanded
416,Karlotta Blakeney,76,97,61,97,Reverse-engineered
417,Clareta Godding,75,56,15,54,monitoring
418,Ruben Boater,1,1,86,218,Upgradable
419,Natalie Aland,21,75,89,294,knowledge base
420,Christine Jeannenet,52,60,56,238,focus group
421,Erroll Striker,0,45,41,242,attitude-oriented
422,Branden Seivwright,79,85,69,213,Visionary
423,Kevan Calton,45,46,56,47,uniform
424,Arda Budgey,58,50,15,91,interface
425,Welby Callander,14,20,25,227,secured line
426,Rey Denness,62,64,50,3,Robust
427,Reinhold Birdfield,23,34,45,263,moderator
428,Ronalda Fradgley,40,62,9,206,intangible
429,Connie Kiehnlt,69,15,62,168,explicit
430,Michaeline Crumpton,92,9,27,241,Face to face
431,Sandro Figge,88,26,40,112,implementation
432,Gaspard Warlock,92,66,97,297,info-mediaries
433,Tammy Wilbud,42,24,33,262,firmware
434,Wake Peyro,54,33,86,49,architecture
435,Valentia Thickens,93,78,7,94,task-force
436,Idaline Boise,11,59,100,20,Optimized
437,Alika Romain,100,16,77,61,Switchable
438,Wilmer Chuter,95,98,49,55,Team-oriented
439,Andris Mephan,98,97,65,199,Reverse-engineered
440,Daisey Enticknap,2,61,65,230,encryption
441,Noe Birchenough,59,23,21,4,initiative
442,Colleen Pullen,36,35,58,40,web-enabled
443,Ana Mensler,89,2,48,213,Cross-platform
444,Allyson Barosch,19,32,6,257,Phased
445,Dredi Copping,99,88,27,69,portal
446,Vito Bewsy,45,26,81,55,even-keeled
447,Izzy Scammonden,22,7,74,270,Quality-focused
448,Worthy Pregel,64,37,91,178,customer loyalty
449,Cortie Howen,87,65,88,167,data-warehouse
450,Emera Redparth,77,62,80,133,static
451,Leontyne Povah,44,72,68,28,Monitored
452,Remy Farncomb,74,55,33,215,neutral
453,Sayre Beiderbecke,21,85,46,148,system-worthy
454,Dorian Sheardown,80,25,44,91,initiative
455,Lisetta Blenkinship,72,97,76,32,national
456,Marin Sole,82,30,63,2,Secured
457,Jamey Reedyhough,50,1,100,205,client-server
458,Janith Kahler,44,24,33,218,next generation
459,Morganne Munson,71,70,26,295,Cross-group
460,Dannie Satterfitt,10,85,58,253,Triple-buffered
461,Guy Rands,58,10,12,84,impactful
462,Sonja Kingcott,57,54,82,98,asymmetric
463,Alex Gudge,62,59,19,192,conglomeration
464,Babb Dye,47,18,8,111,strategy
465,Giuditta Ogus,77,37,77,294,Cross-group
466,Myrwyn Gymblett,55,74,37,27,Polarised
467,Lorianne Pogson,0,61,74,92,array
468,Shannen Spelsbury,94,82,47,188,non-volatile
469,Quintana Ronayne,79,61,12,80,Front-line
470,Karolina Petegree,12,18,76,9,implementation
471,Modestine Bernardy,19,38,73,165,De-engineered
472,Florella Mullan,10,14,8,4,Operative
473,Rik Saenz,65,74,52,192,Pre-emptive
474,Bartholomeus Tenney,56,81,3,12,Object-based
475,Jilleen Magovern,86,53,40,141,high-level
476,D'arcy Gwynne,43,6,95,214,coherent
477,Werner Vasyanin,2,16,5,58,Networked
478,Davida Domenge,4,85,76,113,Balanced
479,Quint Goldster,56,30,96,106,Secured
480,Ashely Rubinovitch,90,31,68,63,dedicated
481,Sherrie Woolfenden,49,20,72,106,Multi-tiered
482,Thane Hicklingbottom,28,100,72,38,moratorium
483,Phylys Wraighte,52,55,91,271,algorithm
484,Yvonne Maxweell,53,27,57,237,circuit
485,Andrei Meaking,64,7,86,194,methodology
486,Robby Bridson,15,21,21,206,orchestration
487,Zedekiah Staig,63,36,58,115,application
488,Nerte Marquiss,66,18,85,19,service-desk
489,Ronnica Gatenby,7,91,72,164,Visionary
490,Allyson Coldtart,61,41,11,90,Configurable
491,Demetrius Serris,14,92,95,167,actuating
492,Booth Dreossi,45,13,82,92,bandwidth-monitored
493,Daloris Stoacley,29,18,35,40,Diverse
494,Norma Wiggington,38,90,54,160,methodical
495,Carlotta Bussey,30,63,100,108,didactic
496,Clio Bengle,33,54,59,40,well-modulated
497,Feodora MacAree,87,65,38,24,Customer-focused
498,Wilmar Roseby,39,45,31,24,even-keeled
499,Francesca Fitzsymonds,43,52,26,106,Future-proofed
500,Sholom Worpole,20,12,83,69,attitude-oriented
501,Bowie Castelluzzi,69,6,68,108,zero tolerance
502,Bear Mossom,20,10,85,12,customer loyalty
503,Carla Edmett,8,94,35,88,framework
504,Con Laverty,47,78,37,262,tertiary
505,Kaela Simmonds,88,42,48,205,solution
506,Filip Sibary,82,26,97,115,Decentralized
507,Bonnee Seivwright,3,56,72,286,coherent
508,Teriann Gilbody,34,61,90,94,Sharable
509,Lionello Bosse,52,47,16,85,logistical
510,Tabbi Gascar,44,93,30,163,Configurable
511,Louis Horley,47,22,34,105,Fundamental
512,Ediva Greatrex,56,9,55,86,ability
513,Gilligan Deason,23,10,34,167,3rd generation
514,Odette Pavolini,94,30,78,71,modular
515,Darleen Dewan,22,84,26,70,multimedia
516,Rona Stockoe,49,16,18,145,mobile
517,Helen Coton,24,31,12,98,Operative
518,Romeo Preist,64,25,26,279,contextually-based
519,Cari Sherwen,74,19,72,168,Adaptive
520,Courtenay Roder,79,24,60,155,bi-directional
521,Jackqueline Archbald,81,51,64,236,Open-architected
522,Adel Lepope,48,71,25,282,Function-based
523,Boothe Banyard,55,11,74,233,monitoring
524,Jeddy Dillingston,89,37,100,48,Virtual
525,Koo McMorland,10,88,14,119,access
526,Caren Bouch,56,63,99,262,analyzing
527,Anitra Heibel,40,56,99,130,application
528,Darin Skegg,48,70,96,281,process improvement
529,Virgie Lince,13,25,89,189,groupware
530,Arel Stainer,40,27,34,149,secondary
531,Lesly Linger,21,54,60,216,static
532,Christophorus Winterbourne,8,82,81,276,actuating
533,Esteban Fragino,84,32,84,289,zero defect
534,Tandi Rosenfeld,0,25,80,58,Distributed
535,Breanne McAndrew,69,47,29,38,Graphical User Interface
536,Lindsay Keyhoe,40,10,18,18,systematic
537,Vina Krystek,85,40,47,104,policy
538,Orville Linskey,49,90,11,121,Polarised
539,Colly Shiel,13,96,30,49,Sharable
540,Abbye Ibarra,14,74,14,296,coherent
541,Garry Dran,31,83,5,160,asynchronous
542,Lou Arias,86,13,49,149,Synchronised
543,Barton Hebblewhite,97,64,12,72,Distributed
544,Kinnie Yantsev,97,10,48,216,Balanced
545,Ruddie Kettlestringes,27,90,17,204,national
546,Lotti Aidler,86,60,21,207,next generation
547,Batsheva Kynder,20,79,25,113,optimizing
548,Erv Arrowsmith,37,89,85,60,Visionary
549,Lock Aloshikin,78,49,100,183,Vision-oriented
550,Agosto Brettle,25,36,44,201,database
551,Mordy Beelby,94,62,30,220,paradigm
552,Kellyann Han,5,25,19,25,functionalities
553,Nickolas Hagerty,87,59,87,13,tangible
554,Jane Skokoe,78,54,66,216,throughput
555,Anya Quarles,64,2,61,287,De-engineered
556,Monty Tottie,25,83,32,182,24 hour
557,Emmalynne Gant,92,44,17,300,Reduced
558,Cleveland Dugan,47,91,91,53,project
559,Leopold Le Fevre,88,35,0,160,Mandatory
560,Torry Gilmour,53,45,56,162,utilisation
561,Georgina Frentz,68,36,11,56,Networked
562,Horst MacDunleavy,44,24,18,192,approach
563,Pincas Messitt,89,64,13,213,superstructure
564,Basia Creus,2,11,81,256,algorithm
565,Townie Kesby,45,71,90,187,Visionary
566,Mireille McElhinney,52,1,69,276,moderator
567,Juliann Mabone,11,33,38,4,hybrid
568,Clementine Goodere,32,11,32,231,Up-sized
569,Clifford O'Kelly,25,66,49,110,Innovative
570,Perri Girardy,94,29,10,64,Fully-configurable
571,Melli Monketon,52,10,56,162,throughput
572,Bobby Hofton,35,86,80,23,bi-directional
573,Denice Levey,42,32,99,136,Automated
574,Pen Anscombe,79,31,52,171,strategy
575,Roberta Bewshire,51,16,46,35,responsive
576,Mavra Dougliss,15,70,85,214,Function-based
577,Letta Cabera,28,97,74,16,leading edge
578,Kakalina Baldam,37,6,81,293,transitional
579,Misha Riseborough,59,88,34,10,holistic
580,Eliot Laboune,11,1,38,248,model
581,Margy Broadist,39,56,31,69,paradigm
582,Jorie Longfellow,43,94,94,39,24/7
583,Peder Ibberson,34,7,2,147,non-volatile
584,Pavla Ternouth,95,33,12,116,toolset
585,Crysta Shotter,78,38,6,157,Phased
586,Felipe Palfrie,0,57,93,278,stable
587,Orazio Passe,44,62,81,103,Synergistic
588,Ira Rayman,2,83,27,114,Persistent
589,Garrek Ibel,40,62,92,158,projection
590,Terrye Carse,30,35,87,53,Robust
591,Corbin Harrismith,92,29,77,295,fresh-thinking
592,Delmore McGinnell,57,34,75,276,Automated
593,Carlos Suarez,18,61,98,118,help-desk
594,Morganne Hilliam,7,75,81,117,static
595,Gusella Hexam,45,34,79,163,content-based
596,Kylila Cawthry,67,74,36,224,intangible
597,Janey Prescote,35,8,91,299,process improvement
598,Morena Scones,5,17,13,236,attitude
599,Pebrook Zorzetti,43,43,51,22,process improvement
600,Cacilie Notti,55,26,95,295,forecast
601,Paige O'Lehane,77,52,17,180,initiative
602,Ichabod Gambell,56,11,39,48,structure
603,Maurita Abendroth,11,66,78,172,Graphical User Interface
604,Dallon Mowlam,49,0,73,183,zero defect
605,Duky Delafont,92,42,34,254,grid-enabled
606,Oswald Tebbutt,94,17,99,244,5th generation
607,Bradan Ogden,65,85,99,92,attitude
608,Karoline Hebbs,68,33,70,268,forecast
609,Tadeo Bayston,26,4,75,241,next generation
610,Emile Waldren,100,76,62,11,interface
611,Carmelita Dargie,57,14,45,49,Optional
612,Samaria Scutchin,40,43,16,17,neutral
613,Kirsti Barnish,49,97,91,73,Persevering
614,Penni Clulow,7,43,26,35,Sharable
615,Lazarus Scotts,10,93,98,295,Optional
616,Del Langhor,59,6,100,151,data-warehouse
617,Cherlyn Gostridge,88,75,76,241,mission-critical
618,Alphard Stife,76,28,36,112,mission-critical
619,Johannes Pavlov,97,19,28,81,core
620,Bastien Blenkin,72,59,71,291,bifurcated
621,Auguste Hiseman,63,10,81,92,background
622,Jory Chadwen,37,16,25,54,encompassing
623,Birk Abethell,97,22,48,202,Re-engineered
624,Yolane Antonognoli,69,46,100,232,frame
625,Shurwood Crisford,69,8,65,24,multi-tasking
626,Reggy Rabbitts,10,5,20,135,system engine
627,Sophi Vassay,12,47,40,49,6th generation
628,Brewer Brome,64,12,14,215,content-based
629,Jaquelin De Bruyn,48,11,46,132,didactic
630,Wyatan Roughan,47,89,35,103,challenge
631,Willy Agneau,4,19,20,40,needs-based
632,Maren Packington,41,89,47,149,capability
633,Dalia Glasscott,15,36,55,152,dedicated
634,Judas Decourcy,19,29,33,107,Virtual
635,Baily Perkis,59,99,69,298,Business-focused
636,Malory Anton,100,6,21,27,Fully-configurable
637,Kathy Haggar,59,20,89,255,infrastructure
638,Dena Musso,6,30,77,179,well-modulated
639,Tiphany Boniface,75,11,88,7,Inverse
640,Gwenore Crumb,69,76,84,270,circuit
641,Arnuad Tessyman,34,19,64,232,Enhanced
642,Orion Maharry,82,69,53,70,hierarchy
643,Lamond Vidyapin,7,40,89,269,Customizable
644,Merry Djekic,79,94,26,298,tangible
645,Alfreda Kasper,10,62,61,266,object-oriented
646,Harwilll Pautot,0,61,32,216,leading edge
647,Riobard Blaase,89,12,30,124,groupware
648,Kimbell Farraway,29,66,27,94,success
649,Amos Scholcroft,40,21,76,125,Innovative
650,Gerry Becerro,17,74,24,209,encompassing
651,Olivie Trenoweth,99,92,29,125,Vision-oriented
652,Gian MacVay,31,66,45,16,systemic
653,Lucy Rysdale,13,75,62,65,impactful
654,Milty Lyngsted,10,44,100,43,throughput
655,Melinde Tibbotts,46,49,48,8,Fundamental
656,Noelani De Vaux,56,27,25,252,Realigned
657,Aldous Aikenhead,49,66,67,122,asynchronous
658,Sissy Gow,27,80,89,55,Virtual
659,Tersina Lewisham,69,80,3,254,success
660,Gratiana Gowers,52,9,95,141,multimedia
661,Dominic Eastridge,100,29,21,243,attitude-oriented
662,Rivy Jertz,75,82,62,20,encryption
663,Wilmer Garnham,7,73,28,276,budgetary management
664,Pen Leas,10,68,38,243,Proactive
665,Ewen Hassen,65,43,39,295,Decentralized
666,Martyn Brahmer,45,100,99,253,hybrid
667,Terrel Dyka,9,96,83,60,Upgradable
668,Chastity Zellick,68,13,74,98,background
669,Rosalynd North,88,19,94,300,Customer-focused
670,Sharai Wheadon,27,85,38,176,motivating
671,Michael Eminson,84,59,73,179,Organic
672,Ludvig Barczewski,76,27,64,256,Digitized
673,Siouxie Sievewright,81,2,32,262,needs-based
674,Durant Bier,31,93,38,48,web-enabled
675,Ninnetta Clissell,0,76,66,159,project
676,Anna Kitcat,53,83,86,110,paradigm
677,Teddie Hepher,83,71,43,293,mission-critical
678,Harper McCamish,30,78,62,39,4th generation
679,Xenos Skyrm,75,99,76,287,User-centric
680,Gretel Kinchlea,97,5,5,176,Balanced
681,Shawna Skeen,6,83,70,226,Re-engineered
682,Otes Marlen,65,47,69,200,Innovative
683,Marguerite Gallaccio,100,4,50,223,asynchronous
684,Kristen Bestall,49,41,25,156,zero defect
685,Marianna Cheyenne,13,16,49,114,Organic
686,Antonina Courtney,79,42,82,274,website
687,Reyna Still,100,16,87,262,firmware
688,Fredia Urwin,33,70,22,174,attitude
689,Halie Pethybridge,45,56,58,41,Exclusive
690,Hugo Leathes,79,53,28,10,moratorium
691,Emyle Johananoff,49,52,39,28,encryption
692,Ole Ovell,86,95,17,22,matrix
693,Giacomo McKane,87,46,50,288,methodology
694,Karlyn Lambourne,3,17,90,172,client-driven
695,Patsy Atlay,22,35,4,245,bottom-line
696,Armand Kneller,50,28,72,162,foreground
697,Fiann Lavrinov,34,66,93,151,Open-architected
698,Daven Grayshan,66,4,42,300,product
699,Zorana Keppy,4,73,49,39,Fundamental
700,Cyndi Glasson,24,15,79,81,transitional
701,Sebastien Pennigar,71,3,46,176,systemic
702,Leona Laurenson,43,39,43,68,local
703,Andy Gemnett,54,2,11,129,Switchable
704,Emory Smartman,77,45,37,290,focus group
705,Blinny Cereceres,81,39,60,224,strategy
706,Garnet Nalder,8,58,3,281,protocol
707,Mace Fryett,98,63,100,115,fault-tolerant
708,Jacinda Beretta,82,55,12,95,software
709,Graham Stebbings,8,27,38,46,disintermediate
710,Freemon Growcock,88,100,29,261,process improvement
711,Arne Dominiak,59,49,1,278,Intuitive
712,Izzy Van Son,94,15,62,254,solution-oriented
713,Carlynne Peasgood,75,50,59,33,Object-based
714,Cloris Braunlein,42,82,50,37,Profit-focused
715,Lancelot Philipart,43,28,47,241,info-mediaries
716,Napoleon Copper,17,60,6,225,project
717,Evelyn Ribou,50,91,16,29,upward-trending
718,Shelagh Condell,2,40,34,221,Profound
719,Hannis Taylo,38,28,71,70,systemic
720,Vaughan Biasetti,64,69,32,160,Optional
721,Lonee Catchpole,10,46,64,106,methodical
722,Mart Joliffe,59,33,1,228,solution
723,Celestina Currum,71,23,40,175,internet solution
724,Raye Jacobowits,29,24,22,25,leading edge
725,Emelyne Bennellick,8,64,60,291,context-sensitive
726,Nil Cornell,5,65,42,203,Expanded
727,Phyllys Gibbin,65,26,37,129,Compatible
728,Lizabeth Merricks,16,85,80,236,Persistent
729,Garek Marmon,44,79,79,63,Fundamental
730,Ganny Beringer,87,83,45,163,multimedia
731,Vivia Jordanson,86,80,23,213,3rd generation
732,Page McHarry,25,55,94,287,secondary
733,Birdie Gull,23,57,37,200,hierarchy
734,Sawyer Filppetti,55,25,39,279,Face to face
735,Paolo Ziemsen,35,89,11,187,Self-enabling
736,York Freeberne,98,50,51,267,bifurcated
737,Hyacinthe D'Elias,37,83,45,98,help-desk
738,Kris Antalffy,59,69,8,249,didactic
739,Yetty Lowerson,35,90,25,231,architecture
740,Cordell Crum,62,78,58,47,core
741,Alie Leyson,45,23,91,228,3rd generation
742,Revkah MacKenny,63,34,76,12,functionalities
743,Andrey Ketchell,59,20,89,194,empowering
744,Faydra Pitchers,82,78,79,189,archive
745,Mason Connah,16,40,100,105,process improvement
746,Kirk Barrott,66,57,9,78,Multi-tiered
747,Rhonda Crowcroft,52,39,57,282,Mandatory
748,Theodore Feeley,95,54,7,47,radical
749,Blondie Tickel,89,4,66,128,Proactive
750,Bald Ianiello,28,48,91,174,Synergized
751,Iver Waddam,3,49,27,84,knowledge user
752,Trefor Townshend,73,49,67,133,matrix
753,Iseabal Spare,17,20,90,263,high-level
754,Sara McCandless,80,19,61,184,collaboration
755,Marita Polycote,46,21,20,165,encoding
756,Derrick Whithalgh,33,89,75,137,Configurable
757,Trace Wisher,15,24,19,142,Enhanced
758,Duke Golightly,43,65,67,183,eco-centric
759,Tabbie Ropp,46,69,67,180,Vision-oriented
760,Bertie Radish,27,40,28,253,scalable
761,Lorinda Pfaffe,99,56,79,267,Pre-emptive
762,Carla Bolan,74,86,91,29,dynamic
763,Pippy Juggins,51,7,59,95,Cross-platform
764,Dugald MacGeaney,77,11,92,288,Grass-roots
765,Bobbie Addionizio,57,60,25,4,standardization
766,Kary Shurmer,46,79,47,243,projection
767,Marney McIlheran,78,56,1,286,modular
768,Siffre Snugg,88,38,89,248,Proactive
769,Bernardo Mitchel,72,54,57,50,capability
770,Bink Limeburn,50,49,21,238,24/7
771,Jarred Hayfield,93,65,3,205,non-volatile
772,Flint Hamprecht,60,39,28,198,multi-tasking
773,Brittni Urlich,82,26,62,254,Polarised
774,Giorgi Kelner,74,43,70,265,Phased
775,Elinore Lacky,82,100,100,45,local area network
776,Nisse McMakin,91,18,83,239,Cloned
777,Gerladina Holt,38,32,18,31,moderator
778,Fonzie Leddy,18,19,18,166,hub
779,Barris Biggerstaff,14,85,76,274,logistical
780,Shena Joe,65,13,70,154,Proactive
781,Page Radenhurst,93,20,5,227,budgetary management
782,Germain Benka,63,60,43,213,matrix
783,Ludwig Demare,39,94,89,229,optimizing
784,Gabi Escudier,85,82,4,117,Versatile
785,Sasha Streets,98,88,55,229,knowledge user
786,Papageno Godain,2,39,65,61,bifurcated
787,Bronnie Peat,75,20,14,179,Cross-group
788,Wain Thorrington,86,74,16,294,demand-driven
789,Quintina Gromley,60,77,51,93,Customizable
790,Chickie Balasin,70,4,1,140,Front-line
791,Yoko Balsellie,8,36,32,272,Horizontal
792,Lucy Janicki,83,19,38,293,optimizing
793,Estel D'Arrigo,48,32,2,155,24 hour
794,Tamar Saddington,95,71,47,263,Configurable
795,Matteo Gascoyen,85,78,0,172,array
796,Anetta Bassilashvili,92,8,96,42,asymmetric
797,Devland Trobe,10,88,17,273,Business-focused
798,Hasty Feldberg,15,33,39,233,local area network
799,Chiquia Foakes,51,49,1,69,Organized
800,Ferdinande Castillon,31,54,67,37,5th generation
801,Bat Hebburn,30,0,0,210,Re-engineered
802,Drake Moorton,73,20,39,284,Progressive
803,Elmira Goatman,87,69,65,249,mobile
804,Albie Stailey,2,25,48,18,standardization
805,Allister Latchford,70,78,19,234,leading edge
806,Patricio Isitt,0,79,10,12,Adaptive
807,Terrijo Pinson,75,96,76,73,Ergonomic
808,Elicia Rolfe,64,24,99,226,Synergized
809,Luigi Murtell,19,70,88,290,functionalities
810,Helene Feaster,8,43,85,78,client-server
811,Holli Tullis,23,12,90,191,Up-sized
812,Ramon Hurdiss,95,98,30,163,Stand-alone
813,Kenny Criple,51,59,50,185,instruction set
814,Waldemar Aspinwall,38,89,100,177,local
815,Derk Quin,60,8,98,296,Cross-platform
816,Janey Kimblen,53,14,20,216,Phased
817,Richard Reinisch,68,78,54,285,hybrid
818,Nilson Kubicek,83,0,33,3,Down-sized
819,Boonie Conrart,89,55,48,166,Switchable
820,Hanson Troman,34,0,26,57,solution-oriented
821,Milty Azema,39,64,32,227,encompassing
822,Ricky Couser,57,16,10,69,intranet
823,Baird Cawte,31,89,7,64,client-server
824,Mel Slowgrove,41,62,31,70,hardware
825,Marylin Suttill,36,42,41,193,Configurable
826,Jae Pridgeon,24,8,85,30,algorithm
827,Rubia Swaile,52,46,51,147,bandwidth-monitored
828,Rik Mathouse,45,99,55,268,Streamlined
829,Blondell Upsale,28,49,79,8,Configurable
830,Jobey Stivers,98,25,21,239,task-force
831,Nathanial Ciobotaru,23,10,42,112,capacity
832,Alis Redan,14,90,5,47,initiative
833,Knox Stigell,57,6,61,30,Optional
834,Federico Titcombe,47,16,99,75,project
835,Kerry Sline,43,75,61,217,asymmetric
836,Rachel Murray,37,9,13,143,Optimized
837,Anna Fobidge,97,91,78,253,info-mediaries
838,Yvonne Deeble,44,73,69,68,Polarised
839,Ardine Bowland,14,80,74,220,Persistent
840,Lucky Boylan,13,86,47,279,artificial intelligence
841,Berton Hightown,84,8,46,162,open system
842,Freeman Rickertsen,30,24,18,49,executive
843,Robinette Lacoste,2,0,3,207,mobile
844,Ada Garvie,44,42,57,276,User-friendly
845,Salaidh Rusling,72,75,43,260,open architecture
846,Juana Flatley,4,43,88,56,grid-enabled
847,Herminia Lundbech,98,13,100,100,dedicated
848,Maurita McCurtin,41,5,82,186,Persevering
849,Mandie Skyner,16,68,71,262,matrices
850,Terence Bacon,39,92,61,64,frame
851,Nanette Clyburn,43,19,16,18,static
852,Leonard Stoyle,9,7,33,83,human-resource
853,Dorian Pfeiffer,2,19,80,107,cohesive
854,Glennis Brumfitt,29,96,47,70,actuating
855,Franciska Cashin,35,92,44,290,Automated
856,Isidro Cradick,21,82,22,242,Streamlined
857,Enid Reinisch,41,5,5,1,Realigned
858,Elyse Ledford,10,89,2,112,modular
859,Barny Emmot,51,45,4,75,Secured
860,Lon Rimmington,11,56,85,9,holistic
861,Osmund Burdytt,34,84,85,180,productivity
862,Ursula Rentenbeck,56,68,65,212,structure
863,Antonella Gherardesci,1,3,77,135,Integrated
864,Constanta Celes,38,13,36,13,ability
865,Goldie Jacquemard,37,84,81,233,Future-proofed
866,Burke Everall,41,43,82,179,protocol
867,Courtenay Ogelbe,25,13,61,278,discrete
868,Tiffi Tregunna,7,81,7,9,Organic
869,Sula Kiss,75,6,34,35,analyzing
870,Sher O'Henehan,41,47,84,94,directional
871,Hercule Barsham,6,82,71,30,exuding
872,Rachelle Laying,9,94,5,256,Organized
873,Harriette Allawy,44,91,25,57,upward-trending
874,Edin Mallender,5,9,91,197,Inverse
875,Mallory O'dell,90,96,95,2,asynchronous
876,Arvie Youtead,78,97,51,112,Vision-oriented
877,Nero Larret,20,30,37,248,Devolved
878,Martita Eloy,70,98,88,246,exuding
879,Benedetto Schaffel,19,53,30,196,instruction set
880,Jecho Paulus,38,28,33,222,alliance
881,Ignacius Darragh,18,87,80,274,Centralized
882,Tristan Gonneau,1,96,55,100,contingency
883,Leonidas Jeanequin,76,21,51,106,analyzer
884,Karil Ricci,77,35,76,103,Managed
885,Kaitlin McLae,66,2,15,153,motivating
886,Deonne Jillis,18,20,51,181,contingency
887,Linea Hunnybun,10,86,71,126,logistical
888,Alexandr Huffey,10,29,28,39,asynchronous
889,Rochell Aubray,27,46,66,132,empowering
890,Jamima McHaffy,50,63,91,125,collaboration
891,Giusto Devon,72,34,73,272,holistic
892,Arabela Antwis,25,82,21,277,Object-based
893,Nicolea Traynor,94,11,72,18,Extended
894,Parker Meekins,31,19,18,177,Reduced
895,Marcus Brazener,22,95,76,9,firmware
896,Mariam Barrabeale,42,43,76,213,client-server
897,Gerianne Bolzen,15,71,57,249,solution-oriented
898,Booth Jelly,80,24,5,80,parallelism
899,Quint Ritchley,78,79,74,237,hardware
900,Nicolle Stowgill,5,92,66,55,Vision-oriented
901,Hetty Spire,96,55,84,297,help-desk
902,Mame Branche,18,37,96,261,Monitored
903,Ursulina Parlor,97,22,13,199,directional
904,Aleksandr Sunnucks,44,57,47,128,regional
905,Darin Oxtaby,79,22,4,25,time-frame
906,Erna Abby,28,39,13,270,emulation
907,Jemima Rudge,48,37,35,49,User-centric
908,Lindy Pearsall,32,73,54,47,6th generation
909,Chip Julien,75,26,58,189,De-engineered
910,Lisha Osbaldstone,61,57,15,166,Operative
911,Christian Le Frank,64,34,7,239,Persistent
912,Joice Carder,42,31,97,117,Total
913,Roseline Kingswoode,66,58,56,104,zero defect
914,Jens Stanfield,91,11,58,212,Networked
915,Stevy Joddins,41,83,1,194,Balanced
916,Alleen Megainey,3,60,52,145,capacity
917,Jamil Netti,9,25,68,67,definition
918,Patty Grooby,19,95,35,212,maximized
919,Amby Platt,6,82,13,27,Focused
920,Gregg Learoyd,35,24,84,171,reciprocal
921,Terrel Leyban,94,32,71,215,knowledge base
922,Kamila Cowerd,90,56,0,233,info-mediaries
923,Grier Leaves,36,81,22,30,Sharable
924,Johnathan Ugolotti,86,83,64,14,user-facing
925,Christoper Lampel,31,92,87,34,radical
926,Anna Greally,26,79,52,132,6th generation
927,Rudd Petheridge,98,20,57,20,Compatible
928,Cathyleen Ellett,98,1,0,85,optimizing
929,Raphaela Lafford,18,60,93,255,function
930,Angie Foard,5,10,5,214,Reactive
931,Levon Conner,55,53,100,226,definition
932,Armin Hallgalley,31,74,97,241,background
933,Bridget Botten,61,3,15,185,archive
934,Zacharie Pulham,57,99,80,47,zero defect
935,Benetta Hannigane,95,86,22,176,4th generation
936,Hadley Mizen,25,41,24,128,Cloned
937,Emmaline Josilowski,74,100,51,66,orchestration
938,Phoebe Durman,47,36,1,270,encompassing
939,Domingo Jesteco,17,88,27,89,firmware
940,Daniel Morgans,34,82,34,47,Up-sized
941,Wayland Fladgate,6,92,39,300,5th generation
942,Marketa Barniss,45,74,85,87,superstructure
943,Renaldo Woolen,52,90,40,155,Quality-focused
944,Teresina Cussen,34,67,42,247,national
945,Liesa Kermitt,8,28,93,126,Implemented
946,Egbert Hearson,74,55,28,30,didactic
947,Merridie Ellick,41,90,14,151,Phased
948,Marilyn Ludlamme,67,82,94,70,Synchronised
949,Dalenna Enion,32,60,60,199,Grass-roots
950,Herrick Jagiela,51,45,78,145,tangible
951,Edgar Luchelli,50,100,86,252,Mandatory
952,Pete Brickdale,36,73,75,249,Profit-focused
953,Enrico Rheaume,9,68,91,127,user-facing
954,Maressa Gillfillan,59,92,43,236,empowering
955,Wallis O'Lenechan,16,15,55,139,Upgradable
956,Ange Jerzykiewicz,55,78,25,43,bifurcated
957,Nessi Lackinton,41,10,76,79,Re-contextualized
958,Blayne Gillyatt,11,49,82,60,transitional
959,Marin Kerrich,48,78,88,128,global
960,Virgilio Abrey,58,30,76,84,fresh-thinking
961,Rozina Ninnotti,7,94,21,67,structure
962,Cyndi Copland,59,16,100,300,logistical
963,Lonna De'Ath,34,41,85,219,Assimilated
964,Maia Pearcey,18,82,67,296,Re-engineered
965,Marcos Dukesbury,87,52,17,1,Fully-configurable
966,Cathee Comettoi,18,2,9,109,bifurcated
967,Jaquith McGenis,89,60,40,199,asymmetric
968,Agace Trammel,85,96,21,279,Operative
969,Linet Wort,64,69,18,225,Public-key
970,Nola McDowell,27,15,20,133,Public-key
971,Avivah Waker,29,55,90,5,interface
972,Leshia Dabourne,53,55,97,138,hybrid
973,Collete Eastbrook,13,69,38,96,Proactive
974,Hagan Coutthart,67,54,20,171,Open-architected
975,Ida Foulger,19,40,100,98,Up-sized
976,Crysta Martelet,35,44,58,215,Adaptive
977,Terencio Delacoste,84,98,39,222,neutral
978,Faythe Oloshkin,13,2,8,163,success
979,Giralda Craighill,95,20,58,85,incremental
980,Thorny Gwilym,99,27,77,265,infrastructure
981,Cristina Cheney,88,4,1,31,Cloned
982,Palm Brecknall,95,67,74,147,bottom-line
983,Ilse Milverton,5,19,61,294,zero defect
984,Bendick Belmont,24,12,82,108,Universal
985,Beverly Woolacott,73,16,4,187,project
986,Arline Ping,44,58,63,47,Expanded
987,Phyllida Maleck,44,91,50,95,Compatible
988,Cristine Lindenman,18,98,30,148,Diverse
989,Zea Fenn,63,26,82,159,Customer-focused
990,Delila Whiskerd,26,39,36,16,explicit
991,Valina Meacher,68,77,34,37,standardization
992,Franny O Sullivan,6,72,63,32,Pre-emptive
993,Rockwell Culligan,6,98,39,275,process improvement
994,Mollie Buzzing,47,89,67,88,archive
995,Kliment Menel,20,57,13,111,workforce
996,Maia Angliss,78,72,57,70,even-keeled
997,Rogers Jedrzejczak,70,66,96,53,Cross-group
998,Stern McLewd,32,59,49,203,Streamlined
999,Guillaume Lente,89,34,60,238,groupware
1000,Tiffy Kliesl,47,83,86,15,object-oriented
